E_Score,S_Score,G_Score,ESG_Score,Year,Country
-0.17301966,-1.6946254,-2.39606,-1.4242147,2025,Afghanistan
0.29828098,-0.23219135,0.00019484758,0.0133175235,2025,Africa Eastern and Southern
0.6302534,-0.37667707,-0.008112766,0.07496354,2025,Africa Western and Central
-0.14530851,-0.023711048,0.23220767,0.025566963,2025,Albania
-0.43595803,-1.2660593,-0.48176348,-0.77636,2025,Algeria
0.019509152,-0.04193496,1.1562992,0.5006901,2025,American Samoa
-0.34138757,0.6538595,1.6259536,0.7667064,2025,Andorra
0.28830227,-0.18907878,-0.33072847,-0.08728984,2025,Angola
0.025103167,0.0027955323,-0.011701092,0.0019108038,2025,Anguilla
-0.7719382,-0.05559256,1.0400857,-0.20119704,2025,Antigua and Barbuda
-0.19706057,-0.82629126,0.019542336,-0.4774694,2025,Arab World
-0.5239312,0.24786651,-0.11130199,-0.1570832,2025,Argentina
-0.35392565,0.06980581,-0.7800225,-0.3576301,2025,Armenia
-0.56153363,0.49568412,1.482948,0.51343673,2025,Aruba
-0.47539467,1.6361796,0.89165795,0.70358545,2025,Australia
-0.08735789,1.2023823,0.6825932,0.62837285,2025,Austria
-0.43361372,0.15888557,-0.7101722,-0.32330137,2025,Azerbaijan
-0.20495851,0.6216832,0.9887314,0.50006413,2025,"Bahamas, The"
0.094293885,0.5530661,-0.3654304,0.0646283,2025,Bahrain
0.0028054267,-0.115514286,-0.9324722,-0.37270117,2025,Bangladesh
-0.40740812,0.22619727,1.2154868,0.35837123,2025,Barbados
-0.2370755,0.21863312,-0.6840308,-0.20747524,2025,Belarus
-0.6239607,0.94142485,0.38490397,0.18249288,2025,Belgium
0.15696278,0.009297438,0.61397374,0.25707483,2025,Belize
0.4418856,-0.38372904,-0.31033802,-0.17508782,2025,Benin
-0.9161941,0.01617334,1.1044388,-0.0005939547,2025,Bermuda
0.74324626,0.18129364,0.9684996,0.6839434,2025,Bhutan
-0.025669232,0.61431015,-0.27587557,0.08869723,2025,Bolivia
0.255933,-0.32571438,-0.29531932,-0.110196635,2025,Bosnia and Herzegovina
-0.1629164,-0.14820945,1.0870451,0.27065668,2025,Botswana
0.10026875,0.14557406,-0.35516906,-0.035459623,2025,Brazil
-0.5844037,-0.028031364,-0.017264888,-0.54511917,2025,British Virgin Islands
-0.092060044,0.30714467,1.386193,0.57317185,2025,Brunei Darussalam
-0.15681402,0.057582926,0.38344336,0.090433136,2025,Bulgaria
0.65930927,-1.5382087,-1.9965861,-0.97674876,2025,Burkina Faso
0.1996622,0.49193275,-1.1458498,-0.16615842,2025,Burundi
0.12162724,-0.17467684,0.927164,0.3228449,2025,Cabo Verde
0.4167859,0.63878596,0.043898776,0.36882237,2025,Cambodia
0.5916869,-0.12857735,-1.4017876,-0.31894597,2025,Cameroon
-0.2048928,1.3401022,0.76996434,0.66110164,2025,Canada
0.004890442,-0.015103243,-0.01627563,-0.026761556,2025,Cape Verde
0.36329937,-0.022941984,0.007170126,0.13183053,2025,Caribbean small states
-0.17433329,0.25898388,1.6335813,0.6429311,2025,Cayman Islands
0.51990503,-1.2441914,-2.1655507,-0.9647606,2025,Central African Republic
-0.22598599,0.18863119,0.0015207976,-0.0017820317,2025,Central Europe and the Baltics
0.38012952,-1.3614954,-1.5251423,-0.8561098,2025,Chad
-0.37239367,-0.052856453,0.04603064,-0.26183364,2025,Channel Islands
-0.17699118,0.2204687,0.16408543,0.081731975,2025,Chile
0.07640658,0.2798922,-0.4613129,-0.02229424,2025,China
-0.07023421,0.088293485,-0.6594363,-0.182447,2025,Colombia
-0.29943937,-0.67580414,-0.16123384,-0.37582663,2025,Comoros
0.58338374,-0.11929145,-1.9681213,-0.5412056,2025,"Congo, Dem. Rep."
0.6355612,-0.5329461,0.051321134,0.028628392,2025,"Congo, Rep."
0.0034474581,-0.010859944,-0.0019388646,-0.030417936,2025,Cook Islands
0.08490119,-0.026091054,1.0233486,0.3846679,2025,Costa Rica
0.28113383,-0.61386764,-0.54820824,-0.34236553,2025,Cote d'Ivoire
-0.11946656,-0.004890561,0.6596174,0.18476918,2025,Croatia
-0.1318913,0.0291043,0.4104882,0.092150494,2025,Cuba
-1.1439266,-0.0039757565,-0.0025637895,-1.1586797,2025,Curacao
-0.44445592,0.661486,0.42164713,0.20199479,2025,Cyprus
0.023025133,-0.0058296174,-0.013839468,-0.0022861306,2025,Czech Republic
-0.28397882,0.3382448,1.0105244,0.3832975,2025,Czechia
-0.0046922714,-0.034219533,-0.0059452504,-0.057767928,2025,Côte d'Ivoire
-0.40315992,1.4005016,0.8218672,0.6101531,2025,Denmark
-0.24729426,-1.6983376,-0.48367137,-0.82082635,2025,Djibouti
0.0112472065,-0.3776318,1.2955254,0.36120513,2025,Dominica
-0.123524085,0.20972773,0.2699318,0.10884854,2025,Dominican Republic
0.05916567,-0.19432506,-0.004162863,-0.08105861,2025,Early-demographic dividend
-0.037472464,0.30197257,-0.0070997924,0.09515749,2025,East Asia & Pacific
0.06356262,0.2503557,-0.008192912,0.1282796,2025,East Asia & Pacific (IDA & IBRD countries)
0.063234106,0.25757444,-0.0081335455,0.13039759,2025,East Asia & Pacific (excluding high income)
-0.07858114,0.1617161,-0.3359229,-0.08942808,2025,Ecuador
-0.12864552,-0.70938444,-0.8304024,-0.5705711,2025,"Egypt, Arab Rep."
-0.1891319,0.1056474,0.014698759,-0.033032313,2025,El Salvador
0.604699,-0.03532722,-0.21777415,0.07392025,2025,Equatorial Guinea
0.30932587,0.36492333,-0.80527544,-0.056800157,2025,Eritrea
0.023889352,0.41123,0.6993027,0.37884834,2025,Estonia
0.10662223,-0.82612795,-0.26810604,-0.28302866,2025,Eswatini
0.2561289,-0.42809728,-1.933074,-0.72825104,2025,Ethiopia
-0.29286718,0.6285915,-0.029196218,0.18040606,2025,Euro area
-0.27050173,0.4085148,-0.028350815,0.074105844,2025,Europe & Central Asia
-0.17799379,0.08115725,0.01966627,-0.016327472,2025,Europe & Central Asia (IDA & IBRD countries)
-0.37760812,-0.07337468,0.027851164,-0.13495807,2025,Europe & Central Asia (excluding high income)
-0.27224314,0.5400718,-0.027339488,0.13487838,2025,European Union
-0.9221565,0.21377486,-0.033622682,-0.45107833,2025,Faroe Islands
0.06549618,-0.06271308,0.772163,0.2845712,2025,Fiji
0.21539278,0.76475656,0.7227543,0.63762146,2025,Finland
0.3356018,-0.506402,0.02108521,-0.107241005,2025,Fragile and conflict affected situations
-0.44890255,0.6398281,0.3406611,0.22215652,2025,France
0.018793546,-0.0126429275,-0.018566474,-0.006302187,2025,French Guiana
-0.18015997,-0.41627598,-0.012029454,-0.31839156,2025,French Polynesia
0.96724087,-0.6994529,-0.28881073,-0.045758277,2025,Gabon
0.4530216,-0.9437543,0.045135587,-0.20424166,2025,"Gambia, The"
-0.1352202,0.038729265,-0.27424058,-0.09488277,2025,Georgia
-0.36099327,1.2809472,0.5416099,0.5149688,2025,Germany
0.50612867,-0.20174536,-0.026241109,0.06927936,2025,Ghana
-0.8755935,-0.010733806,-0.0193135,-0.7286782,2025,Gibraltar
-0.27877098,-0.06626647,0.27963513,-0.018777626,2025,Greece
1.7340913,-0.021071292,1.5284528,1.6030045,2025,Greenland
-0.06970866,-0.39602447,1.0279672,0.18636732,2025,Grenada
-0.23603569,0.32798022,0.9090971,0.3529595,2025,Guam
0.15959433,-0.020979539,-0.20591037,-0.034864277,2025,Guatemala
0.40501362,-1.2306249,-0.8674235,-0.56272155,2025,Guinea
1.0143764,-0.6982627,-0.29823667,-0.007685663,2025,Guinea-Bissau
0.3144368,-0.36033487,-0.005053565,-0.00058625825,2025,Guyana
0.06708586,-0.31306994,-1.4027977,-0.55492014,2025,Haiti
0.42261368,-0.3942169,0.012951568,0.00086995773,2025,Heavily indebted poor countries (HIPC)
-0.29973418,0.9741611,-0.036840037,0.33234894,2025,High income
0.23921414,-0.15683687,-0.40348303,-0.095803574,2025,Honduras
-0.49073678,-0.16019261,0.6985089,-0.009067627,2025,"Hong Kong SAR, China"
-0.43440104,0.26794544,0.7607319,0.24001284,2025,Hungary
0.09826064,0.0143159665,-0.018183991,0.051811248,2025,IBRD only
0.13417456,-0.12597919,-0.021401957,-0.005205484,2025,IDA & IBRD total
0.46236473,-0.36988553,0.0013807192,0.03482996,2025,IDA blend
0.3307541,-0.420418,0.015177935,-0.050593466,2025,IDA only
0.35993642,-0.38689694,0.011366911,-0.02395946,2025,IDA total
-0.16913357,1.9861288,1.1867672,1.0789278,2025,Iceland
0.30224383,-0.18559697,-0.5930357,-0.18628325,2025,India
-0.06621583,0.25497398,-0.34914124,-0.044264898,2025,Indonesia
-0.18810336,-0.61315453,-1.6011685,-0.8326895,2025,"Iran, Islamic Rep."
-0.41291946,-0.8266592,-2.3918507,-1.3088982,2025,Iraq
-0.6336132,1.4811001,0.8817646,0.5951374,2025,Ireland
-1.0215944,0.0021060184,-0.007558927,-0.9950096,2025,Isle of Man
-0.6053884,0.9559773,-1.4540606,-0.36025757,2025,Israel
-0.34359103,0.1852713,0.59621215,0.18134668,2025,Italy
-0.01963263,0.2145162,0.41245323,0.23392937,2025,Jamaica
-0.0366337,0.79669034,0.93347585,0.5893323,2025,Japan
0.031256407,-0.016297504,-0.013368711,0.0022744294,2025,"Jersey, Channel Islands"
-0.3535596,-0.7822827,-0.10345977,-0.4006687,2025,Jordan
-0.46024394,0.36398822,-0.24610297,-0.12264173,2025,Kazakhstan
-0.097120926,0.09874643,-0.8947475,-0.28929517,2025,Kenya
-0.28215688,-0.033337794,1.1353244,0.29365796,2025,Kiribati
0.073349245,0.880014,-0.35706854,0.21977304,2025,"Korea, Dem. People's Rep."
0.029620297,-0.015736833,-0.0011848956,-0.029489296,2025,"Korea, Dem. Rep."
0.09561178,0.6872503,0.6262219,0.4931688,2025,"Korea, Rep."
0.0014852509,0.00069672614,-0.314081,-0.15225674,2025,Kosovo
0.11405606,0.72256064,0.39040524,0.4046735,2025,Kuwait
-0.24072035,0.16385743,-0.4474067,-0.18264864,2025,Kyrgyz Republic
1.0460651,0.12587652,0.81859446,0.6475207,2025,Lao PDR
0.07278333,0.25007272,0.0005951077,0.12440835,2025,Late-demographic dividend
-0.020383507,0.14862111,0.008560285,0.04355471,2025,Latin America & Caribbean
-0.014020592,0.16693488,0.009092137,0.05087079,2025,Latin America & Caribbean (excluding high income)
-0.017793193,0.15564534,0.008593127,0.04629709,2025,Latin America & the Caribbean (IDA & IBRD countries)
0.05422449,0.29455417,0.62980944,0.33252475,2025,Latvia
0.37728858,-0.4152605,0.015924621,-0.028707298,2025,Least developed countries: UN classification
-0.46440518,-0.49703637,-1.4547235,-0.82787526,2025,Lebanon
-0.29564202,-0.6185718,-0.27588254,-0.42776775,2025,Lesotho
1.0604885,-0.029520668,-0.08292109,0.24949285,2025,Liberia
-0.18484394,-0.46077833,-2.0161293,-0.96150035,2025,Libya
0.7488765,-0.007650614,1.6293606,1.1736536,2025,Liechtenstein
-0.20928697,0.3910058,0.76744264,0.33674243,2025,Lithuania
0.11926658,-0.12702847,-0.021654561,-0.017864736,2025,Low & middle income
0.31188643,-0.55742544,0.029943258,-0.129551,2025,Low income
0.33172458,-0.21670932,-0.019460753,0.01883508,2025,Lower middle income
-0.3424359,1.5680993,1.0148332,0.7546285,2025,Luxembourg
-0.35517746,0.5214322,1.071256,0.42318964,2025,"Macao SAR, China"
0.111163795,0.2921428,-0.65145504,-0.11045392,2025,Madagascar
0.12881652,-0.41900134,-0.20150056,-0.20264666,2025,Malawi
-0.06533614,0.26066196,0.20929153,0.14434773,2025,Malaysia
-0.5855575,0.16618696,0.5626573,-0.020806173,2025,Maldives
0.5715769,-1.1325228,-2.6454217,-1.0952305,2025,Mali
-0.73235327,0.66215277,0.82759106,0.31332216,2025,Malta
-0.31347835,0.08320804,1.2340633,0.3625631,2025,Marshall Islands
0.0057151467,-0.016838461,-0.023472413,-0.017291846,2025,Martinique
0.2796672,-1.2256761,-0.43755537,-0.4712835,2025,Mauritania
-0.5348349,-0.085715614,0.8017431,0.10580904,2025,Mauritius
-0.2819711,0.17992857,-0.6029451,-0.22054638,2025,Mexico
0.077596635,-0.4269413,1.0749971,0.28830352,2025,"Micronesia, Fed. Sts."
-0.20808999,-0.61090136,0.015346758,-0.39824927,2025,"Middle East, North Africa, Afghanistan & Pakistan"
-0.17825498,-0.7762065,0.01877451,-0.43663198,2025,"Middle East, North Africa, Afghanistan & Pakistan (IDA & IBRD)"
-0.17973892,-0.77322143,0.019155122,-0.4356782,2025,"Middle East, North Africa, Afghanistan & Pakistan (excluding high income)"
0.1323981,-0.06302319,-0.024943635,0.02270384,2025,Middle income
-0.34958375,0.41270468,-0.639364,-0.202577,2025,Moldova
-1.1434202,2.9565547,1.120899,0.9666601,2025,Monaco
-0.14920935,0.074710354,0.6131292,0.1658631,2025,Mongolia
0.27002522,-0.31923345,0.115418985,0.03995502,2025,Montenegro
-0.37817734,-0.5115205,-0.3221715,-0.37947232,2025,Morocco
0.41991168,-0.22179258,-1.2295104,-0.35521296,2025,Mozambique
0.34921128,-0.1840862,-2.0054681,-0.6312814,2025,Myanmar
-0.3004648,-0.298416,0.61261296,0.02619995,2025,Namibia
-1.042363,0.41348055,1.015793,0.12872754,2025,Nauru
0.69687957,-0.7767669,-0.15591384,-0.014883952,2025,Nepal
-0.580737,1.4219625,0.60683507,0.505299,2025,Netherlands
0.009904761,-0.009104364,-0.01653488,-0.016542273,2025,Netherlands Antilles (former)
-0.045684762,0.0067229345,-0.011372879,-0.0040316302,2025,New Caledonia
-0.22236155,1.270293,1.3375479,0.83564717,2025,New Zealand
-0.06919347,0.010008916,-0.08482312,-0.06586982,2025,Nicaragua
0.84163654,-0.88589406,-1.6317966,-0.60620743,2025,Niger
0.66528547,0.04680357,-1.7403796,-0.40152052,2025,Nigeria
0.010814939,-0.011037536,0.0006541759,-0.024215067,2025,Niue
-0.3350439,2.031907,-0.04992138,0.77479273,2025,North America
0.017299846,-0.28376135,0.2183908,-0.019390987,2025,North Macedonia
-0.37947583,-0.09715017,-0.024599537,-0.3332496,2025,Northern Mariana Islands
-0.05879678,2.0853622,0.8168013,0.9981597,2025,Norway
-0.3342523,0.91786975,-0.036487058,0.29800102,2025,OECD members
-0.08697291,0.38088867,0.59830457,0.318683,2025,Oman
-0.08081256,-0.18406036,0.018404767,-0.12701909,2025,Other small states
0.17701404,0.035704173,0.01600723,0.06801404,2025,Pacific island small states
0.044718638,-0.89209265,-1.9535353,-0.9393981,2025,Pakistan
2.985581,0.43966356,1.1126758,1.4977508,2025,Palau
-0.054748647,0.35465157,0.21718608,0.18246274,2025,Panama
0.45928615,-0.59695804,-0.44682103,-0.19208208,2025,Papua New Guinea
-0.0040688217,0.3596985,0.119068846,0.15138575,2025,Paraguay
0.16786245,0.43493956,-0.5030782,0.046326637,2025,Peru
-0.17879747,0.094565935,-0.50267106,-0.16896488,2025,Philippines
-0.19802736,0.24504933,0.5981684,0.24961178,2025,Poland
-0.2789905,0.3463637,0.70695144,0.29561466,2025,Portugal
-0.3196501,1.3386273,-0.06861448,0.4515743,2025,Post-demographic dividend
0.47115874,-0.35562494,0.0031551868,0.023126094,2025,Pre-demographic dividend
-0.0033134446,-0.030137695,-0.022712335,-0.04202225,2025,Puerto Rico
-0.32515627,-0.8486292,0.5602441,-0.21692592,2025,Puerto Rico (US)
0.37956882,1.1435412,0.95573425,0.8109587,2025,Qatar
-0.26751667,-0.057888888,0.40047562,0.020629851,2025,Romania
-0.16132398,0.25960484,-1.0584805,-0.32971665,2025,Russian Federation
0.22214898,-0.28939322,0.14569488,0.017837254,2025,Rwanda
0.0083660185,-0.014227457,-0.02514647,-0.01591313,2025,Réunion
0.20411068,-0.50331926,1.1159452,0.28803006,2025,Samoa
-0.6674481,0.98146886,1.2068213,0.43797386,2025,San Marino
0.3182804,-1.0937595,0.52627385,-0.07412289,2025,Sao Tome and Principe
-0.088127226,0.45483705,-0.17368855,-0.0025781412,2025,Saudi Arabia
0.65795463,-0.77517474,-0.062055394,-0.09065026,2025,Senegal
-0.03313539,0.038657367,-0.0023707896,0.011814801,2025,Serbia
0.010627359,0.101667605,0.79374844,0.31890976,2025,Seychelles
0.48694652,-0.8430564,-0.19613399,-0.19356294,2025,Sierra Leone
-0.5281139,1.1086724,1.3928673,0.69057244,2025,Singapore
-0.9452651,-0.06606207,-0.0007626284,-0.9653355,2025,Sint Maarten (Dutch part)
-0.1732464,0.106789015,0.5947539,0.19002765,2025,Slovak Republic
-0.020894468,0.5240005,0.8670481,0.50660986,2025,Slovenia
0.23899953,-0.117918216,0.004272297,0.049965218,2025,Small states
0.5506475,0.82692957,0.44597477,0.5859888,2025,Solomon Islands
0.14057969,-1.6475306,-2.283587,-1.2922864,2025,Somalia
-0.18967925,-0.5123799,-0.5811716,-0.41932014,2025,South Africa
0.35180122,-0.2536321,0.0069571584,0.014400346,2025,South Asia
0.35180122,-0.2536321,0.0069571584,0.014400346,2025,South Asia (IDA & IBRD)
-0.12330718,-1.1056925,-2.1097023,-1.1655164,2025,South Sudan
-0.37063795,0.27436274,0.28688878,0.087312415,2025,Spain
0.014432736,-0.28693157,-0.48361593,-0.24491756,2025,Sri Lanka
-0.4753788,-0.09072042,0.9739815,0.10979235,2025,St. Kitts and Nevis
-0.20357369,0.25163314,1.0538819,0.38976684,2025,St. Lucia
-0.10185087,-0.023896322,-0.008127525,-0.116716206,2025,St. Martin (French part)
0.1371685,-0.5342668,1.0236658,0.25256887,2025,St. Vincent and the Grenadines
0.43180776,-0.27555314,-0.0053217113,0.06516218,2025,Sub-Saharan Africa
0.43180776,-0.27555314,-0.0053217113,0.06516218,2025,Sub-Saharan Africa (IDA & IBRD countries)
0.44650775,-0.2713581,-0.002729509,0.06611411,2025,Sub-Saharan Africa (excluding high income)
0.31883663,-1.3814087,-2.386095,-1.157345,2025,Sudan
0.4549861,-0.15422061,0.4275514,0.22662632,2025,Suriname
0.18253008,1.2135336,0.73070085,0.73412603,2025,Sweden
-0.26684844,2.5734477,0.9760561,1.1200168,2025,Switzerland
-0.78651863,-0.72248256,-2.5908635,-1.5479509,2025,Syrian Arab Republic
-0.010950133,-0.030448057,-0.014176652,-0.05661775,2025,São Tomé and Principe
0.028121188,-0.0017940477,-0.015282705,0.0057600047,2025,"Taiwan, China"
-0.095066294,-0.6442815,-0.40937555,-0.37733087,2025,Tajikistan
0.5280721,0.44439715,-0.045727775,0.27431977,2025,Tanzania
0.046777036,0.2796515,-0.24331647,0.02828194,2025,Thailand
1.8731086,-0.121307574,0.3203773,0.6828186,2025,Timor-Leste
0.56788176,-0.29497528,-0.95629895,-0.249689,2025,Togo
-0.48602474,-0.09695352,1.1228598,0.20586279,2025,Tonga
0.19791943,-0.06785246,0.42808783,0.23145123,2025,Trinidad and Tobago
-0.43500978,-0.55694497,-0.56096846,-0.49327877,2025,Tunisia
-0.2677918,-0.1752801,-0.9360571,-0.42354256,2025,Turkiye
-0.30599248,-0.28904504,-0.042534634,-0.19142158,2025,Turkmenistan
-0.5214749,0.64283717,-0.008296818,0.018966561,2025,Turks and Caicos Islands
-0.62457174,0.2139701,1.198781,0.34486288,2025,Tuvalu
-0.007842369,-0.026832737,-0.010476932,-0.056591183,2025,Türkiye
0.34542453,0.44773245,-0.7009053,0.02332425,2025,Uganda
-0.4144827,-0.14207497,-1.3485765,-0.6368631,2025,Ukraine
-0.26000834,1.0055201,0.6466093,0.48867247,2025,United Arab Emirates
-0.6540616,1.0825596,0.48944485,0.34262288,2025,United Kingdom
-0.44161832,2.6759098,-0.017387077,0.80698305,2025,United States
-0.027821735,0.12971748,0.00045137107,0.04366462,2025,Upper middle income
-0.21388696,0.34694824,1.0177926,0.4003244,2025,Uruguay
-0.239197,-0.06349311,-0.10321219,-0.14817525,2025,Uzbekistan
-0.09033112,-0.08336156,0.97408485,0.26685,2025,Vanuatu
-0.0015606061,-0.21458241,-1.1251253,-0.44840613,2025,"Venezuela, RB"
0.12231794,0.5075775,-0.0077127665,0.21556799,2025,Viet Nam
-0.30448014,-0.7912047,0.57406825,-0.19876091,2025,Virgin Islands (U.S.)
-0.57190615,-0.6368462,-1.8171586,-1.0592363,2025,West Bank and Gaza
0.007228367,0.022937156,-0.01811035,-0.015854375,2025,World
-0.3957131,-1.6960247,-2.5097454,-1.5023463,2025,"Yemen, Rep."
0.567398,-0.16206247,0.24073814,0.18153477,2025,Zambia
0.428052,-0.14889866,-0.8848119,-0.2117342,2025,Zimbabwe
-0.51195115,-1.565245,-1.7712022,-1.1784637,2026,Afghanistan
0.12165336,-0.21442291,-0.040837064,0.016537545,2026,Africa Eastern and Southern
0.24003105,-0.2706636,0.053375907,0.02696362,2026,Africa Western and Central
-0.13998266,-0.039481834,0.10293417,-0.0123107005,2026,Albania
-0.36957294,-1.1192733,-0.8275772,-0.8366613,2026,Algeria
0.39850694,-0.18442711,0.3027473,0.0950425,2026,American Samoa
-0.043920062,0.49698266,0.8845432,0.39995983,2026,Andorra
0.17527726,-0.12568673,-0.14067169,0.019606298,2026,Angola
-0.026879206,-0.04370532,-0.115236804,-0.051313847,2026,Anguilla
-0.5593883,-0.12120909,0.34076464,-0.51026773,2026,Antigua and Barbuda
-0.22640856,-0.7831372,-0.3896677,-0.65420693,2026,Arab World
-0.39449114,0.2265704,0.012899354,-0.08601506,2026,Argentina
-0.39988887,0.08362067,-0.37512964,-0.19029693,2026,Armenia
-0.3798018,0.39592984,0.86778367,0.17761602,2026,Aruba
-0.24152331,1.4721162,0.92432624,0.7164772,2026,Australia
0.017740473,1.0570556,0.72514,0.6595568,2026,Austria
-0.36696154,0.15752962,-0.2864203,-0.122290686,2026,Azerbaijan
0.08192891,0.5474905,0.6547477,0.30175602,2026,"Bahamas, The"
0.030743923,0.6217988,0.118646935,0.1968481,2026,Bahrain
-0.19618882,-0.007605545,-0.39693403,-0.15486799,2026,Bangladesh
-0.224728,0.21436942,0.61219054,0.056252584,2026,Barbados
-0.12667054,0.19645801,-0.2335858,0.0063403826,2026,Belarus
-0.44801778,0.84390837,0.38773698,0.21738596,2026,Belgium
0.22357629,0.019388203,0.33910137,0.12198217,2026,Belize
0.13374035,-0.2529119,-0.13344148,-0.16405894,2026,Benin
-0.6567511,-0.1476182,0.29848647,-0.37479588,2026,Bermuda
0.64496666,0.124129936,0.5761175,0.4915841,2026,Bhutan
0.10060431,0.6410961,0.1532918,0.28890878,2026,Bolivia
0.20620318,-0.31019682,-0.23422746,-0.072717324,2026,Bosnia and Herzegovina
-0.04002469,-0.1987671,0.39757133,-0.037073016,2026,Botswana
0.10382444,0.12188963,-0.120486036,0.10028699,2026,Brazil
-0.49277526,-0.038538598,-0.0999137,-0.5814881,2026,British Virgin Islands
0.28737283,0.2031495,0.6418981,0.230087,2026,Brunei Darussalam
-0.05252596,0.013296336,0.16805036,0.0038499963,2026,Bulgaria
0.106552735,-1.3875706,-1.3860954,-0.775862,2026,Burkina Faso
-0.13749434,0.567377,-0.1819072,0.23589426,2026,Burundi
0.13708177,-0.13723388,0.474858,0.039772764,2026,Cabo Verde
0.3967309,0.65808547,0.3971455,0.5146913,2026,Cambodia
0.20358424,-0.050621025,-0.5914847,0.015779963,2026,Cameroon
-0.020861879,1.1243272,0.7699394,0.6600923,2026,Canada
-0.025760219,-0.039667048,-0.07922484,-0.057531193,2026,Cape Verde
0.5188873,-0.05215674,-0.05608137,0.107496075,2026,Caribbean small states
0.11925016,0.20495185,0.783491,0.18408248,2026,Cayman Islands
0.03869757,-1.0387638,-1.3092958,-0.6527719,2026,Central African Republic
-0.12945832,0.15631846,0.038100883,0.025623722,2026,Central Europe and the Baltics
-0.09212674,-1.1553227,-1.057242,-0.7317222,2026,Chad
-0.4141562,-0.048505545,0.02631998,-0.2800794,2026,Channel Islands
-0.14577948,0.190202,0.11244942,0.04576941,2026,Chile
0.06860174,0.29270872,-0.076799944,0.11738506,2026,China
-0.049826056,0.054447867,-0.33823246,-0.022115069,2026,Colombia
-0.28760755,-0.63850975,-0.30877042,-0.4115217,2026,Comoros
0.15616986,-0.057299383,-0.8918973,-0.02333908,2026,"Congo, Dem. Rep."
0.4934286,-0.5023153,-0.07115786,-0.009164887,2026,"Congo, Rep."
-0.013078928,-0.035113372,-0.04474272,-0.056681678,2026,Cook Islands
0.23100896,-0.016497426,0.41258383,0.16234222,2026,Costa Rica
-0.07733686,-0.5172759,-0.38813704,-0.36587942,2026,Cote d'Ivoire
-0.05099462,-0.064043455,0.25073117,0.0086324345,2026,Croatia
-0.014620632,0.02694789,0.25107688,0.017459316,2026,Cuba
-1.1057099,0.0805768,-0.094053686,-1.1189926,2026,Curacao
-0.2977984,0.5744446,0.37813252,0.17678736,2026,Cyprus
-0.030675732,-0.054299034,-0.12178926,-0.058824047,2026,Czech Republic
-0.037249476,0.27300268,0.61763954,0.18990614,2026,Czechia
0.0070214495,-0.018596396,0.0054679364,-0.047880277,2026,Côte d'Ivoire
-0.339193,1.2825832,0.83051807,0.6372972,2026,Denmark
-0.41475046,-1.551877,-0.8804549,-0.978195,2026,Djibouti
0.27542725,-0.43845633,0.32125401,-0.11796403,2026,Dominica
0.014551014,0.19111085,0.18117826,0.080413505,2026,Dominican Republic
-0.013027161,-0.17941341,-0.053351983,-0.13418041,2026,Early-demographic dividend
0.021087661,0.29684266,0.13225456,0.12786117,2026,East Asia & Pacific
0.11307626,0.24463862,0.111378744,0.14904185,2026,East Asia & Pacific (IDA & IBRD countries)
0.11318319,0.25174192,0.114754155,0.15253857,2026,East Asia & Pacific (excluding high income)
0.0075894557,0.13540784,-0.09389521,0.028351543,2026,Ecuador
-0.36022252,-0.5049007,-0.552736,-0.51113755,2026,"Egypt, Arab Rep."
-0.14343852,0.103621066,0.08611189,0.013065873,2026,El Salvador
0.75172776,0.016585305,-0.030516043,0.16651353,2026,Equatorial Guinea
-0.0060018897,0.4370956,-0.011538848,0.257957,2026,Eritrea
0.14715667,0.29647914,0.37013912,0.2564411,2026,Estonia
-0.05827789,-0.7887892,-0.4132012,-0.28900567,2026,Eswatini
-0.27865553,-0.28885818,-0.93076324,-0.27743998,2026,Ethiopia
-0.16823748,0.58534086,0.19251014,0.2944198,2026,Euro area
-0.13898905,0.3718347,0.10308291,0.14246461,2026,Europe & Central Asia
-0.037060082,0.04907324,-0.009160385,-0.019429015,2026,Europe & Central Asia (IDA & IBRD countries)
-0.30115795,-0.07692545,-0.043089077,-0.16781457,2026,Europe & Central Asia (excluding high income)
-0.15834127,0.49490482,0.16012199,0.2324667,2026,European Union
-0.9237039,0.24325004,0.05043897,-0.44615307,2026,Faroe Islands
0.22349516,-0.11272512,0.27200675,0.08026859,2026,Fiji
0.29662326,0.61160386,0.50555646,0.57503086,2026,Finland
0.109672025,-0.45428577,-0.09534337,-0.18136065,2026,Fragile and conflict affected situations
-0.29832405,0.53896654,0.25307208,0.20507103,2026,France
-0.031187393,-0.05721549,-0.1184964,-0.05999895,2026,French Guiana
-0.095873535,-0.42877302,-0.27466786,-0.42277983,2026,French Polynesia
0.73218703,-0.6776256,-0.33725023,-0.052035853,2026,Gabon
0.12982826,-0.8053384,-0.20800261,-0.37265196,2026,"Gambia, The"
-0.106953725,-0.0055142716,-0.18062074,-0.04054913,2026,Georgia
-0.19011967,1.1212583,0.62669873,0.56674904,2026,Germany
0.27753663,-0.15451688,0.028203562,0.04494273,2026,Ghana
-0.8191594,0.1209313,-0.08312164,-0.6937281,2026,Gibraltar
-0.19469093,-0.1298281,0.027656883,-0.121891096,2026,Greece
2.1265085,-0.070296176,0.71976566,1.2873223,2026,Greenland
0.113939196,-0.46591613,0.19908965,-0.24768312,2026,Grenada
0.023778621,0.21784252,0.42109758,0.13827829,2026,Guam
0.03573055,-0.0025906488,-0.017319784,0.05534725,2026,Guatemala
0.048657775,-1.0641004,-0.7276175,-0.53717375,2026,Guinea
0.64169675,-0.644516,-0.22376749,-0.024413565,2026,Guinea-Bissau
0.4358012,-0.3603784,-0.1953743,-0.07143873,2026,Guyana
-0.3027897,-0.23756966,-0.6816462,-0.18534142,2026,Haiti
0.14406292,-0.33829352,-0.025513027,-0.038508162,2026,Heavily indebted poor countries (HIPC)
-0.14638707,0.9276704,0.33708757,0.49366388,2026,High income
0.17672807,-0.17243621,-0.20625947,-0.011999058,2026,Honduras
-0.3446318,-0.1618284,0.09468622,-0.36229715,2026,"Hong Kong SAR, China"
-0.2240762,0.13997889,0.35881042,0.07830031,2026,Hungary
0.11177759,0.020687118,0.004136309,0.03294106,2026,IBRD only
0.10689852,-0.11490894,-0.052431032,-0.045353547,2026,IDA & IBRD total
0.19176991,-0.3060014,-0.020630628,-0.027573632,2026,IDA blend
0.07704374,-0.36690614,-0.054263175,-0.10448477,2026,IDA only
0.106949896,-0.3323068,-0.03472784,-0.080246806,2026,IDA total
-0.18745978,1.8575735,1.4424645,1.1902428,2026,Iceland
0.09806581,-0.15466624,-0.2935676,-0.108748496,2026,India
-0.0046794564,0.22356498,-0.09187733,0.084625974,2026,Indonesia
-0.2627933,-0.54734576,-0.9952107,-0.58062273,2026,"Iran, Islamic Rep."
-0.669724,-0.70195866,-1.4810683,-0.9081628,2026,Iraq
-0.41594946,1.3608825,0.8566944,0.6210426,2026,Ireland
-0.9625395,0.0018896386,-0.09477389,-1.0056967,2026,Isle of Man
-0.6319149,0.9760081,-0.47088766,0.15364964,2026,Israel
-0.2003663,0.14059854,0.25458205,0.049420163,2026,Italy
0.16830765,0.15966138,0.22493494,0.12854074,2026,Jamaica
0.2392957,0.6701377,0.6023881,0.4320338,2026,Japan
-0.03510256,-0.07666481,-0.15553494,-0.07136839,2026,"Jersey, Channel Islands"
-0.3705929,-0.74102765,-0.4090907,-0.5258532,2026,Jordan
-0.3418578,0.34517616,0.029933944,-0.0005095545,2026,Kazakhstan
-0.35579526,0.15583637,-0.31224805,-0.026318403,2026,Kenya
-0.18493213,-0.13426104,0.5142871,0.042180642,2026,Kiribati
0.11402614,0.88828766,0.21511497,0.44707587,2026,"Korea, Dem. People's Rep."
0.086907566,0.039880544,0.14098085,0.036825,2026,"Korea, Dem. Rep."
0.2707954,0.6128204,0.4942252,0.3996234,2026,"Korea, Rep."
-0.014324911,0.014970157,-0.16452454,-0.06250485,2026,Kosovo
0.1597581,0.74617434,0.5864873,0.3857672,2026,Kuwait
-0.26280862,0.20720163,-0.08268286,-0.013048084,2026,Kyrgyz Republic
1.1947942,0.12281684,0.5177203,0.52142745,2026,Lao PDR
0.13975887,0.23873961,0.10871886,0.14842388,2026,Late-demographic dividend
0.02256164,0.12370497,0.046229437,0.07945034,2026,Latin America & Caribbean
0.027602077,0.1417434,0.05581756,0.090598464,2026,Latin America & Caribbean (excluding high income)
0.024591856,0.13056539,0.04985304,0.083776265,2026,Latin America & the Caribbean (IDA & IBRD countries)
0.11242469,0.19828194,0.35755587,0.23128207,2026,Latvia
0.11309412,-0.35932985,-0.044415556,-0.07652499,2026,Least developed countries: UN classification
-0.49708974,-0.48865727,-0.96239793,-0.5686496,2026,Lebanon
-0.3852185,-0.6124327,-0.34968787,-0.4626964,2026,Lesotho
0.76811606,0.013431855,0.15180908,0.3325299,2026,Liberia
-0.31838036,-0.37927148,-1.1223246,-0.5619032,2026,Libya
0.7455818,-0.14058122,0.75930727,0.69253796,2026,Liechtenstein
-0.10234597,0.27406603,0.4315263,0.19497856,2026,Lithuania
0.077311784,-0.11419534,-0.045429036,-0.058121465,2026,Low & middle income
0.05559309,-0.49471226,-0.10462353,-0.20483269,2026,Low income
0.16620675,-0.18737671,-0.029699698,-0.024981858,2026,Lower middle income
-0.12914886,1.3955796,0.964472,0.7660054,2026,Luxembourg
-0.20747416,0.44567057,0.65585315,0.15928547,2026,"Macao SAR, China"
-0.11922616,0.33923686,-0.09123932,0.17646575,2026,Madagascar
-0.038123667,-0.38677058,-0.17607656,-0.18971294,2026,Malawi
0.11133309,0.20596188,0.109234616,0.10423347,2026,Malaysia
-0.3124106,0.1460127,0.25744367,-0.1406138,2026,Maldives
-0.030752912,-0.9752865,-1.5253755,-0.72825414,2026,Mali
-0.52852273,0.56983536,0.55191314,0.17332374,2026,Malta
-0.054182403,0.015300382,0.5161344,0.03988819,2026,Marshall Islands
-0.029026814,-0.05081071,-0.08902942,-0.058282785,2026,Martinique
-0.041815132,-1.0502253,-0.5369197,-0.5997093,2026,Mauritania
-0.32239753,-0.17841882,0.18867208,-0.15241084,2026,Mauritius
-0.19454168,0.16627228,-0.25298455,-0.038838148,2026,Mexico
0.41226834,-0.4973189,0.17244993,-0.10072426,2026,"Micronesia, Fed. Sts."
-0.2535404,-0.5871773,-0.26252633,-0.55732757,2026,"Middle East, North Africa, Afghanistan & Pakistan"
-0.24079318,-0.75128454,-0.33396894,-0.61896485,2026,"Middle East, North Africa, Afghanistan & Pakistan (IDA & IBRD)"
-0.24167527,-0.7483245,-0.33227265,-0.61729854,2026,"Middle East, North Africa, Afghanistan & Pakistan (excluding high income)"
0.10243566,-0.049844705,-0.020859197,-0.00586717,2026,Middle income
-0.3165012,0.3964546,-0.16880338,0.03610193,2026,Moldova
-1.0003055,2.780561,1.7029229,1.1544552,2026,Monaco
0.0055179894,0.058829967,0.3654533,0.01309271,2026,Mongolia
0.28304327,-0.35518667,-0.10863681,-0.025334733,2026,Montenegro
-0.30553144,-0.4244901,-0.4211564,-0.34774205,2026,Morocco
0.1513851,-0.17470002,-0.60751706,-0.06639175,2026,Mozambique
-0.009556234,-0.15017426,-0.97204244,-0.13325007,2026,Myanmar
-0.25332743,-0.31604877,0.14732684,-0.15756275,2026,Namibia
-0.7914652,0.31649843,0.55317765,-0.07199149,2026,Nauru
0.38034058,-0.7232859,-0.16824447,-0.090219155,2026,Nepal
-0.4125073,1.2874205,0.70322895,0.55964494,2026,Netherlands
-0.026451573,-0.041065507,-0.087704554,-0.05374623,2026,Netherlands Antilles (former)
0.04960635,-0.004166357,-0.039163396,-0.019521805,2026,New Caledonia
-0.008545294,1.0769116,1.0158783,0.67319703,2026,New Zealand
-0.08754854,0.020076968,0.07474382,0.011040298,2026,Nicaragua
0.13283265,-0.6331768,-0.7859035,-0.38939044,2026,Niger
0.14957926,0.20676515,-0.61997116,0.054463565,2026,Nigeria
-0.020850688,-0.051525615,-0.07984294,-0.07156473,2026,Niue
-0.13257419,1.9330933,0.73530674,1.0947497,2026,North America
0.06373964,-0.29227442,-0.037972197,-0.13792135,2026,North Macedonia
-0.15747501,-0.17938414,-0.22966024,-0.3835986,2026,Northern Mariana Islands
-0.026084557,1.8659834,1.1985215,1.1447191,2026,Norway
-0.18995254,0.874964,0.31407595,0.45238623,2026,OECD members
0.020545132,0.37594214,0.4838493,0.16995244,2026,Oman
-0.12348552,-0.20145535,-0.089584425,-0.1442933,2026,Other small states
0.2822714,0.0041013286,-0.03623049,0.08246684,2026,Pacific island small states
-0.3293739,-0.76449776,-1.1632694,-0.6372264,2026,Pakistan
3.285257,0.32829046,0.84015,1.5059067,2026,Palau
0.0898449,0.31272486,0.20875199,0.21158658,2026,Panama
0.38200277,-0.60454214,-0.46650535,-0.16389963,2026,Papua New Guinea
-0.011015922,0.33620393,0.25252777,0.22802694,2026,Paraguay
0.13648716,0.43016052,-0.02319868,0.2398298,2026,Peru
-0.206726,0.07597106,-0.2105371,-0.041093215,2026,Philippines
-0.058530733,0.20634493,0.31761122,0.13090557,2026,Poland
-0.15026085,0.23793098,0.35455757,0.1530488,2026,Portugal
-0.16534974,1.2717065,0.4639945,0.67808086,2026,Post-demographic dividend
0.182329,-0.28976643,0.00019662082,-0.011172118,2026,Pre-demographic dividend
-0.020604528,-0.035018004,-0.05745916,-0.057217106,2026,Puerto Rico
-0.041160807,-0.92597324,-0.3000825,-0.5388182,2026,Puerto Rico (US)
0.40232134,1.2215216,1.0764254,0.7228238,2026,Qatar
-0.1716535,-0.10631404,0.099367455,-0.08762851,2026,Romania
-0.013924539,0.23919106,-0.43666887,0.012476472,2026,Russian Federation
-0.051628485,-0.21107703,0.0581254,0.012718214,2026,Rwanda
-0.028200164,-0.04587233,-0.09144668,-0.055378772,2026,Réunion
0.34659374,-0.6030397,0.20943837,-0.06917328,2026,Samoa
-0.4442954,0.7959297,0.85599774,0.2649452,2026,San Marino
0.2850402,-1.0755181,-0.17896758,-0.3672846,2026,Sao Tome and Principe
-0.13302769,0.5160537,0.17840883,0.060905844,2026,Saudi Arabia
0.385728,-0.6358799,-0.20963077,-0.21807387,2026,Senegal
-0.011526525,0.039544575,0.027111933,0.025020061,2026,Serbia
0.3219818,0.0076287165,0.26805633,0.09633818,2026,Seychelles
0.17802192,-0.708145,-0.23900008,-0.25396433,2026,Sierra Leone
-0.2718581,0.99953437,0.95257044,0.46008947,2026,Singapore
-0.9018013,0.0014759675,-0.110557236,-0.9946372,2026,Sint Maarten (Dutch part)
-0.025807172,0.07225106,0.25438035,0.04785335,2026,Slovak Republic
0.15328462,0.42021868,0.5438701,0.3610992,2026,Slovenia
0.283223,-0.14711931,-0.0885828,0.0321704,2026,Small states
0.64345735,0.7724689,0.59019196,0.6578849,2026,Solomon Islands
-0.45673436,-1.6199913,-1.65595,-0.9719561,2026,Somalia
-0.18978597,-0.5293669,-0.5419174,-0.38515654,2026,South Africa
0.18401045,-0.22415796,0.007899821,-0.0598858,2026,South Asia
0.18401045,-0.22415796,0.007899821,-0.0598858,2026,South Asia (IDA & IBRD)
-0.34565783,-0.9256399,-1.3308241,-0.85142857,2026,South Sudan
-0.22922249,0.21259195,0.10195659,0.04498887,2026,Spain
-0.124002665,-0.28322813,-0.30894852,-0.127898,2026,Sri Lanka
-0.18992297,-0.12617102,0.24799804,-0.19829029,2026,St. Kitts and Nevis
-0.036683716,0.206224,0.5589857,0.12535696,2026,St. Lucia
-0.11503181,-0.01488816,-0.020840928,-0.11524768,2026,St. Martin (French part)
0.36759305,-0.5586811,0.13423412,-0.15605892,2026,St. Vincent and the Grenadines
0.16540499,-0.21934128,0.011636533,0.04510705,2026,Sub-Saharan Africa
0.16540499,-0.21934128,0.011636533,0.04510705,2026,Sub-Saharan Africa (IDA & IBRD countries)
0.18584046,-0.21333557,0.017023109,0.04501383,2026,Sub-Saharan Africa (excluding high income)
-0.15119635,-1.3145819,-1.574587,-0.81764495,2026,Sudan
0.6114221,-0.14941537,0.14446603,0.109904036,2026,Suriname
0.23160556,1.0634042,0.74330723,0.7682703,2026,Sweden
-0.07888727,2.3273451,1.3826839,1.292383,2026,Switzerland
-1.0241277,-0.589205,-1.5698861,-1.0301886,2026,Syrian Arab Republic
-0.0041621253,-0.018361636,-0.004950866,-0.047872752,2026,São Tomé and Principe
-0.032693833,-0.057512127,-0.13466756,-0.057136014,2026,"Taiwan, China"
-0.28770548,-0.53296834,-0.25974536,-0.33704773,2026,Tajikistan
0.3483804,0.4730783,0.28741145,0.4233137,2026,Tanzania
0.048466273,0.29083994,0.02247627,0.12421465,2026,Thailand
2.1331813,-0.19896379,0.09495245,0.6491956,2026,Timor-Leste
0.13553266,-0.17354405,-0.39581394,-0.04392141,2026,Togo
-0.22434257,-0.19689342,0.4136665,-0.10404832,2026,Tonga
0.4012301,-0.11189597,0.15016003,0.06109029,2026,Trinidad and Tobago
-0.45395476,-0.5171,-0.5162329,-0.46887192,2026,Tunisia
-0.2809664,-0.18265751,-0.6090834,-0.2583779,2026,Turkiye
-0.14127317,-0.25280246,-0.060089916,-0.18980376,2026,Turkmenistan
-0.39249694,0.5991733,0.25745177,0.12500376,2026,Turks and Caicos Islands
-0.33187723,0.11945518,0.4936461,0.01638524,2026,Tuvalu
0.012870602,-0.0014728159,0.029099032,-0.030832985,2026,Türkiye
-0.029952578,0.548995,0.02116169,0.3294243,2026,Uganda
-0.437379,-0.15892234,-0.7463391,-0.29412913,2026,Ukraine
-0.13755558,0.95160675,0.7100859,0.41465417,2026,United Arab Emirates
-0.48260933,0.9602008,0.5008928,0.35983565,2026,United Kingdom
-0.26489592,2.4633942,0.9192659,1.1748011,2026,United States
0.02489021,0.12175432,0.05436699,0.046485618,2026,Upper middle income
-0.1964383,0.2695744,0.58513945,0.21243194,2026,Uruguay
-0.1586809,-0.0316469,-0.022145465,-0.14433627,2026,Uzbekistan
0.08595082,-0.13888401,0.38950366,0.014132557,2026,Vanuatu
-0.031047903,-0.21690923,-0.6035468,-0.17340259,2026,"Venezuela, RB"
0.22402328,0.48251662,0.22637494,0.31048208,2026,Viet Nam
-0.111862436,-0.86285305,-0.30137253,-0.52227074,2026,Virgin Islands (U.S.)
-0.77870595,-0.54591167,-1.1720139,-0.7691938,2026,West Bank and Gaza
0.014892936,0.030687697,0.0022240728,-0.030819105,2026,World
-0.6142371,-1.6109526,-1.898181,-1.2320737,2026,"Yemen, Rep."
0.3947308,-0.15382215,0.14702709,0.15468657,2026,Zambia
0.18513858,-0.1279904,-0.3884132,0.030255167,2026,Zimbabwe
